stores,january,february,march,april
store_139,40824,40216,40608.28571428572,35065
store_52,38476,38616,38325,41140.333333333336
store_52,38476,38616,38325,41140.333333333336
store_36,42875,39983.833333333336,41219,42279
store_71,36112,39983.833333333336,39021,41521
store_12,40550.666666666664,36198,42958,44595
unknown_store,39912,44106,44853,43256
store_14,45105,37296,42293,40126
store_71,36112,39983.833333333336,39021,41521
store_8,40550.666666666664,43471,35589,41140.333333333336